NO_MUNICIPIO_ESC;MESORREGIÃO;MICRORREGIÃO
Alfredo Vasconcelos;Campo Das Vertentes;Barbacena
Antônio Carlos;Campo Das Vertentes;Barbacena
Barroso;Campo Das Vertentes;Barbacena
Barbacena;Campo Das Vertentes;Barbacena
Capela Nova;Campo Das Vertentes;Barbacena
Caranaíba;Campo Das Vertentes;Barbacena
Carandaí;Campo Das Vertentes;Barbacena
Carrancas;Campo Das Vertentes;Lavras
Conceição da Barra de Minas;Campo Das Vertentes;São João del-Rei
Coronel Xavier Chaves;Campo Das Vertentes;São João del-Rei
Desterro do Melo;Campo Das Vertentes;Barbacena
Dores de Campos;Campo Das Vertentes;São João del-Rei
Ibertioga;Campo Das Vertentes;Barbacena
Ijaci;Campo Das Vertentes;Lavras
Ingaí;Campo Das Vertentes;Lavras
Itumirim;Campo Das Vertentes;Lavras
Itutinga;Campo Das Vertentes;Lavras
Lagoa Dourada;Campo Das Vertentes;São João del-Rei
Lavras;Campo Das Vertentes;Lavras
Luminárias;Campo Das Vertentes;Lavras
Madre de Deus de Minas;Campo Das Vertentes;São João del-Rei
Nazareno;Campo Das Vertentes;São João del-Rei
Nepomuceno;Campo Das Vertentes;Lavras
Piedade do Rio Grande;Campo Das Vertentes;São João del-Rei
Prados;Campo Das Vertentes;São João del-Rei
Resende Costa;Campo Das Vertentes;São João del-Rei
Ressaquinha;Campo Das Vertentes;Barbacena
Ribeirão Vermelho;Campo Das Vertentes;Lavras
Ritápolis;Campo Das Vertentes;São João del-Rei
Santa Bárbara do Tugúrio;Campo Das Vertentes;Barbacena
Santa Cruz de Minas;Campo Das Vertentes;São João del-Rei
Santana do Garambéu;Campo Das Vertentes;São João del-Rei
São João del Rei;Campo Das Vertentes;São João del-Rei
São Tiago;Campo Das Vertentes;São João del-Rei
Senhora dos Remédios;Campo Das Vertentes;Barbacena
Tiradentes;Campo Das Vertentes;São João del-Rei
Abaeté;Central Mineira;Três Marias
Araújos;Central Mineira;Bom Despacho
Augusto de Lima;Central Mineira;Curvelo
Biquinhas;Central Mineira;Três Marias
Bom Despacho;Central Mineira;Bom Despacho
Buenópolis;Central Mineira;Curvelo
Cedro do Abaeté;Central Mineira;Três Marias
Corinto;Central Mineira;Curvelo
Curvelo;Central Mineira;Curvelo
Dores do Indaiá;Central Mineira;Bom Despacho
Estrela do Indaiá;Central Mineira;Bom Despacho
Felixlândia;Central Mineira;Curvelo
Inimutaba;Central Mineira;Curvelo
Japaraíba;Central Mineira;Bom Despacho
Joaquim Felício;Central Mineira;Curvelo
Lagoa da Prata;Central Mineira;Bom Despacho
Leandro Ferreira;Central Mineira;Bom Despacho
Luz;Central Mineira;Bom Despacho
Martinho Campos;Central Mineira;Bom Despacho
Moema;Central Mineira;Bom Despacho
Monjolos;Central Mineira;Curvelo
Morada Nova de Minas;Central Mineira;Três Marias
Morro da Garça;Central Mineira;Curvelo
Paineiras;Central Mineira;Três Marias
Pompéu;Central Mineira;Três Marias
Presidente Juscelino;Central Mineira;Curvelo
Quartel Geral;Central Mineira;Bom Despacho
Santo Hipólito;Central Mineira;Curvelo
Serra da Saudade;Central Mineira;Bom Despacho
Três Marias;Central Mineira;Três Marias
Angelândia;Jequitinhonha;Capelinha
Araçuaí;Jequitinhonha;Araçuaí
Aricanduva;Jequitinhonha;Capelinha
Berilo;Jequitinhonha;Capelinha
Capelinha;Jequitinhonha;Capelinha
Caraí;Jequitinhonha;Araçuaí
Carbonita;Jequitinhonha;Capelinha
Chapada do Norte;Jequitinhonha;Capelinha
Coronel Murta;Jequitinhonha;Araçuaí
Couto de Magalhães de Minas;Jequitinhonha;Diamantina
Datas;Jequitinhonha;Diamantina
Diamantina;Jequitinhonha;Diamantina
Felício dos Santos;Jequitinhonha;Diamantina
Francisco Badaró;Jequitinhonha;Capelinha
Gouveia;Jequitinhonha;Diamantina
Itamarandiba;Jequitinhonha;Capelinha
Itinga;Jequitinhonha;Araçuaí
Jenipapo de Minas;Jequitinhonha;Capelinha
José Gonçalves de Minas;Jequitinhonha;Capelinha
Leme do Prado;Jequitinhonha;Capelinha
Minas Novas;Jequitinhonha;Capelinha
Novo Cruzeiro;Jequitinhonha;Araçuaí
Padre Paraíso;Jequitinhonha;Araçuaí
Ponto dos Volantes;Jequitinhonha;Araçuaí
Presidente Kubitschek;Jequitinhonha;Diamantina
São Gonçalo do Rio Preto;Jequitinhonha;Diamantina
Senador Modestino Gonçalves;Jequitinhonha;Diamantina
Turmalina;Jequitinhonha;Capelinha
Veredinha;Jequitinhonha;Capelinha
Virgem da Lapa;Jequitinhonha;Araçuaí
Almenara;Jequitinhonha;Almenara
Bandeira;Jequitinhonha;Almenara
Cachoeira de Pajeú;Jequitinhonha;Pedra Azul
Comercinho;Jequitinhonha;Pedra Azul
Divisópolis;Jequitinhonha;Almenara
Felisburgo;Jequitinhonha;Almenara
Itaobim;Jequitinhonha;Pedra Azul
Jacinto;Jequitinhonha;Almenara
Jequitinhonha;Jequitinhonha;Almenara
Joaíma;Jequitinhonha;Almenara
Jordânia;Jequitinhonha;Almenara
Mata Verde;Jequitinhonha;Almenara
Medina;Jequitinhonha;Pedra Azul
Monte Formoso;Jequitinhonha;Almenara
Palmópolis;Jequitinhonha;Almenara
Pedra Azul;Jequitinhonha;Pedra Azul
Rio do Prado;Jequitinhonha;Almenara
Rubim;Jequitinhonha;Almenara
Salto da Divisa;Jequitinhonha;Almenara
Santa Maria do Salto;Jequitinhonha;Almenara
Santo Antônio do Jacinto;Jequitinhonha;Almenara
Alvinópolis;Metropolitana De Belo Horizonte;Itabira
Alvorada de Minas;Metropolitana De Belo Horizonte;Conceição do Mato Dentro
Araçaí;Metropolitana De Belo Horizonte;Sete Lagoas
Baldim;Metropolitana De Belo Horizonte;Sete Lagoas
Barão de Cocais;Metropolitana De Belo Horizonte;Itabira
Bela Vista de Minas;Metropolitana De Belo Horizonte;Itabira
Belo Horizonte;Metropolitana De Belo Horizonte;Belo Horizonte
Belo Vale;Metropolitana De Belo Horizonte;Itaguara
Betim;Metropolitana De Belo Horizonte;Belo Horizonte
Bom Jesus do Amparo;Metropolitana De Belo Horizonte;Itabira
Bonfim;Metropolitana De Belo Horizonte;Itaguara
Brumadinho;Metropolitana De Belo Horizonte;Belo Horizonte
Cachoeira da Prata;Metropolitana De Belo Horizonte;Sete Lagoas
Caetanópolis;Metropolitana De Belo Horizonte;Sete Lagoas
Caeté;Metropolitana De Belo Horizonte;Belo Horizonte
Capim Branco;Metropolitana De Belo Horizonte;Sete Lagoas
Casa Grande;Metropolitana De Belo Horizonte;Conselheiro Lafaiete
Catas Altas;Metropolitana De Belo Horizonte;Itabira
Catas Altas da Noruega;Metropolitana De Belo Horizonte;Conselheiro Lafaiete
Conceição do Mato Dentro;Metropolitana De Belo Horizonte;Conceição do Mato Dentro
Confins;Metropolitana De Belo Horizonte;Belo Horizonte
Congonhas;Metropolitana De Belo Horizonte;Conselheiro Lafaiete
Congonhas do Norte;Metropolitana De Belo Horizonte;Conceição do Mato Dentro
Conselheiro Lafaiete;Metropolitana De Belo Horizonte;Conselheiro Lafaiete
Contagem;Metropolitana De Belo Horizonte;Belo Horizonte
Cordisburgo;Metropolitana De Belo Horizonte;Sete Lagoas
Cristiano Otoni;Metropolitana De Belo Horizonte;Conselheiro Lafaiete
Crucilândia;Metropolitana De Belo Horizonte;Itaguara
Desterro de Entre Rios;Metropolitana De Belo Horizonte;Conselheiro Lafaiete
Diogo de Vasconcelos;Metropolitana De Belo Horizonte;Ouro Preto
Dionísio;Metropolitana De Belo Horizonte;Itabira
Dom Joaquim;Metropolitana De Belo Horizonte;Conceição do Mato Dentro
Entre Rios de Minas;Metropolitana De Belo Horizonte;Conselheiro Lafaiete
Esmeraldas;Metropolitana De Belo Horizonte;Belo Horizonte
Ferros;Metropolitana De Belo Horizonte;Itabira
Florestal;Metropolitana De Belo Horizonte;Pará de Minas
Fortuna de Minas;Metropolitana De Belo Horizonte;Sete Lagoas
Funilândia;Metropolitana De Belo Horizonte;Sete Lagoas
Ibirité;Metropolitana De Belo Horizonte;Belo Horizonte
Igarapé;Metropolitana De Belo Horizonte;Belo Horizonte
Inhaúma;Metropolitana De Belo Horizonte;Sete Lagoas
Itabira;Metropolitana De Belo Horizonte;Itabira
Itabirito;Metropolitana De Belo Horizonte;Ouro Preto
Itaguara;Metropolitana De Belo Horizonte;Itaguara
Itambé do Mato Dentro;Metropolitana De Belo Horizonte;Conceição do Mato Dentro
Itatiaiuçu;Metropolitana De Belo Horizonte;Itaguara
Itaverava;Metropolitana De Belo Horizonte;Conselheiro Lafaiete
Jaboticatubas;Metropolitana De Belo Horizonte;Sete Lagoas
Jeceaba;Metropolitana De Belo Horizonte;Itaguara
Jequitibá;Metropolitana De Belo Horizonte;Sete Lagoas
João Monlevade;Metropolitana De Belo Horizonte;Itabira
Juatuba;Metropolitana De Belo Horizonte;Belo Horizonte
Lagoa Santa;Metropolitana De Belo Horizonte;Belo Horizonte
Maravilhas;Metropolitana De Belo Horizonte;Sete Lagoas
Mariana;Metropolitana De Belo Horizonte;Ouro Preto
Mário Campos;Metropolitana De Belo Horizonte;Belo Horizonte
Mateus Leme;Metropolitana De Belo Horizonte;Belo Horizonte
Matozinhos;Metropolitana De Belo Horizonte;Sete Lagoas
Moeda;Metropolitana De Belo Horizonte;Itaguara
Morro do Pilar;Metropolitana De Belo Horizonte;Conceição do Mato Dentro
Nova Era;Metropolitana De Belo Horizonte;Itabira
Nova Lima;Metropolitana De Belo Horizonte;Belo Horizonte
Nova União;Metropolitana De Belo Horizonte;Itabira
Onça de Pitangui;Metropolitana De Belo Horizonte;Pará de Minas
Ouro Branco;Metropolitana De Belo Horizonte;Conselheiro Lafaiete
Ouro Preto;Metropolitana De Belo Horizonte;Ouro Preto
Papagaios;Metropolitana De Belo Horizonte;Sete Lagoas
Pará de Minas;Metropolitana De Belo Horizonte;Pará de Minas
Paraopeba;Metropolitana De Belo Horizonte;Sete Lagoas
Passabém;Metropolitana De Belo Horizonte;Conceição do Mato Dentro
Pedro Leopoldo;Metropolitana De Belo Horizonte;Belo Horizonte
Pequi;Metropolitana De Belo Horizonte;Sete Lagoas
Piedade dos Gerais;Metropolitana De Belo Horizonte;Itaguara
Pitangui;Metropolitana De Belo Horizonte;Pará de Minas
Prudente de Morais;Metropolitana De Belo Horizonte;Sete Lagoas
Queluzito;Metropolitana De Belo Horizonte;Conselheiro Lafaiete
Raposos;Metropolitana De Belo Horizonte;Belo Horizonte
Ribeirão das Neves;Metropolitana De Belo Horizonte;Belo Horizonte
Rio Acima;Metropolitana De Belo Horizonte;Belo Horizonte
Rio Manso;Metropolitana De Belo Horizonte;Itaguara
Rio Piracicaba;Metropolitana De Belo Horizonte;Itabira
Rio Vermelho;Metropolitana De Belo Horizonte;Conceição do Mato Dentro
Sabará;Metropolitana De Belo Horizonte;Belo Horizonte
Santa Bárbara;Metropolitana De Belo Horizonte;Itabira
Santa Luzia;Metropolitana De Belo Horizonte;Belo Horizonte
Santa Maria de Itabira;Metropolitana De Belo Horizonte;Itabira
Santana de Pirapama;Metropolitana De Belo Horizonte;Sete Lagoas
Santana do Riacho;Metropolitana De Belo Horizonte;Sete Lagoas
Santana dos Montes;Metropolitana De Belo Horizonte;Conselheiro Lafaiete
Santo Antônio do Itambé;Metropolitana De Belo Horizonte;Conceição do Mato Dentro
Santo Antônio do Rio Abaixo;Metropolitana De Belo Horizonte;Conceição do Mato Dentro
São Brás do Suaçuí;Metropolitana De Belo Horizonte;Conselheiro Lafaiete
São Domingos do Prata;Metropolitana De Belo Horizonte;Itabira
São Gonçalo do Rio Abaixo;Metropolitana De Belo Horizonte;Itabira
São Joaquim de Bicas;Metropolitana De Belo Horizonte;Belo Horizonte
São José da Lapa;Metropolitana De Belo Horizonte;Belo Horizonte
São José da Varginha;Metropolitana De Belo Horizonte;Pará de Minas
São José do Goiabal;Metropolitana De Belo Horizonte;Itabira
São Sebastião do Rio Preto;Metropolitana De Belo Horizonte;Conceição do Mato Dentro
Sarzedo;Metropolitana De Belo Horizonte;Belo Horizonte
Serra Azul de Minas;Metropolitana De Belo Horizonte;Conceição do Mato Dentro
Serro;Metropolitana De Belo Horizonte;Conceição do Mato Dentro
Sete Lagoas;Metropolitana De Belo Horizonte;Sete Lagoas
Taquaraçu de Minas;Metropolitana De Belo Horizonte;Itabira
Vespasiano;Metropolitana De Belo Horizonte;Belo Horizonte
Arinos;Noroeste De Minas;Unaí
Bonfinópolis de Minas;Noroeste De Minas;Unaí
Brasilândia de Minas;Noroeste De Minas;Paracatu
Buritis;Noroeste De Minas;Unaí
Cabeceira Grande;Noroeste De Minas;Unaí
Dom Bosco;Noroeste De Minas;Unaí
Formoso;Noroeste De Minas;Unaí
Guarda-Mor;Noroeste De Minas;Paracatu
João Pinheiro;Noroeste De Minas;Paracatu
Lagamar;Noroeste De Minas;Paracatu
Lagoa Grande;Noroeste De Minas;Paracatu
Natalândia;Noroeste De Minas;Unaí
Paracatu;Noroeste De Minas;Paracatu
Presidente Olegário;Noroeste De Minas;Paracatu
São Gonçalo do Abaeté;Noroeste De Minas;Paracatu
Unaí;Noroeste De Minas;Unaí
Uruana de Minas;Noroeste De Minas;Unaí
Varjão de Minas;Noroeste De Minas;Paracatu
Vazante;Noroeste De Minas;Paracatu
Águas Vermelhas;Norte De Minas;Salinas
Berizal;Norte De Minas;Salinas
Bocaiúva;Norte De Minas;Bocaiuva
Bonito de Minas;Norte De Minas;Januária
Botumirim;Norte De Minas;Grão Mogol
Brasília de Minas;Norte De Minas;Montes Claros
Buritizeiro;Norte De Minas;Pirapora
Campo Azul;Norte De Minas;Montes Claros
Capitão Enéas;Norte De Minas;Montes Claros
Catuti;Norte De Minas;Janaúba
Chapada Gaúcha;Norte De Minas;Januária
Claro dos Poções;Norte De Minas;Montes Claros
Cônego Marinho;Norte De Minas;Januária
Coração de Jesus;Norte De Minas;Montes Claros
Cristália;Norte De Minas;Grão Mogol
Curral de Dentro;Norte De Minas;Salinas
Divisa Alegre;Norte De Minas;Salinas
Engenheiro Navarro;Norte De Minas;Bocaiuva
Espinosa;Norte De Minas;Janaúba
Francisco Dumont;Norte De Minas;Bocaiuva
Francisco Sá;Norte De Minas;Montes Claros
Fruta de Leite;Norte De Minas;Salinas
Gameleiras;Norte De Minas;Janaúba
Glaucilândia;Norte De Minas;Montes Claros
Grão Mogol;Norte De Minas;Grão Mogol
Guaraciama;Norte De Minas;Bocaiuva
Ibiaí;Norte De Minas;Pirapora
Ibiracatu;Norte De Minas;Montes Claros
Icaraí de Minas;Norte De Minas;Januária
Indaiabira;Norte De Minas;Salinas
Itacambira;Norte De Minas;Grão Mogol
Itacarambi;Norte De Minas;Januária
Jaíba;Norte De Minas;Janaúba
Janaúba;Norte De Minas;Janaúba
Januária;Norte De Minas;Januária
Japonvar;Norte De Minas;Montes Claros
Jequitaí;Norte De Minas;Pirapora
Josenópolis;Norte De Minas;Grão Mogol
Juramento;Norte De Minas;Montes Claros
Juvenília;Norte De Minas;Januária
Lagoa dos Patos;Norte De Minas;Pirapora
Lassance;Norte De Minas;Pirapora
Lontra;Norte De Minas;Montes Claros
Luislândia;Norte De Minas;Montes Claros
Mamonas;Norte De Minas;Janaúba
Manga;Norte De Minas;Januária
Matias Cardoso;Norte De Minas;Januária
Mato Verde;Norte De Minas;Janaúba
Mirabela;Norte De Minas;Montes Claros
Miravânia;Norte De Minas;Januária
Montalvânia;Norte De Minas;Januária
Monte Azul;Norte De Minas;Janaúba
Montes Claros;Norte De Minas;Montes Claros
Montezuma;Norte De Minas;Salinas
Ninheira;Norte De Minas;Salinas
Nova Porteirinha;Norte De Minas;Janaúba
Novorizonte;Norte De Minas;Salinas
Olhos-d'Água;Norte De Minas;Bocaiuva
Padre Carvalho;Norte De Minas;Grão Mogol
Pai Pedro;Norte De Minas;Janaúba
Patis;Norte De Minas;Montes Claros
Pedras de Maria da Cruz;Norte De Minas;Januária
Pintópolis;Norte De Minas;Januária
Pirapora;Norte De Minas;Pirapora
Ponto Chique;Norte De Minas;Montes Claros
Porteirinha;Norte De Minas;Janaúba
Riachinho;Norte De Minas;Pirapora
Riacho dos Machados;Norte De Minas;Janaúba
Rio Pardo de Minas;Norte De Minas;Salinas
Rubelita;Norte De Minas;Salinas
Salinas;Norte De Minas;Salinas
Santa Cruz de Salinas;Norte De Minas;Salinas
Santa Fé de Minas;Norte De Minas;Pirapora
Santo Antônio do Retiro;Norte De Minas;Salinas
São Francisco;Norte De Minas;Januária
São João da Lagoa;Norte De Minas;Montes Claros
São João da Ponte;Norte De Minas;Montes Claros
São João das Missões;Norte De Minas;Januária
São João do Pacuí;Norte De Minas;Montes Claros
São João do Paraíso;Norte De Minas;Salinas
São Romão;Norte De Minas;Pirapora
Serranópolis de Minas;Norte De Minas;Janaúba
Taiobeiras;Norte De Minas;Salinas
Ubaí;Norte De Minas;Montes Claros
Urucuia;Norte De Minas;Januária
Vargem Grande do Rio Pardo;Norte De Minas;Salinas
Várzea da Palma;Norte De Minas;Pirapora
Varzelândia;Norte De Minas;Montes Claros
Verdelândia;Norte De Minas;Montes Claros
Bambuí;Oeste De Minas;Piumhi
Córrego Danta;Oeste De Minas;Piumhi
Doresópolis;Oeste De Minas;Piumhi
Iguatama;Oeste De Minas;Piumhi
Medeiros;Oeste De Minas;Piumhi
Piumhi;Oeste De Minas;Piumhi
São Roque de Minas;Oeste De Minas;Piumhi
Tapiraí;Oeste De Minas;Piumhi
Vargem Bonita;Oeste De Minas;Piumhi
Aguanil;Oeste De Minas;Campo Belo
Arcos;Oeste De Minas;Formiga
Bom Sucesso;Oeste De Minas;Oliveira
Camacho;Oeste De Minas;Formiga
Campo Belo;Oeste De Minas;Campo Belo
Cana Verde;Oeste De Minas;Campo Belo
Candeias;Oeste De Minas;Campo Belo
Carmo da Mata;Oeste De Minas;Oliveira
Carmo do Cajuru;Oeste De Minas;Divinópolis
Carmópolis de Minas;Oeste De Minas;Oliveira
Cláudio;Oeste De Minas;Divinópolis
Conceição do Pará;Oeste De Minas;Divinópolis
Córrego Fundo;Oeste De Minas;Formiga
Cristais;Oeste De Minas;Campo Belo
Divinópolis;Oeste De Minas;Divinópolis
Formiga;Oeste De Minas;Formiga
Ibituruna;Oeste De Minas;Oliveira
Igaratinga;Oeste De Minas;Divinópolis
Itapecerica;Oeste De Minas;Formiga
Itaúna;Oeste De Minas;Divinópolis
Nova Serrana;Oeste De Minas;Divinópolis
Oliveira;Oeste De Minas;Oliveira
Pains;Oeste De Minas;Formiga
Passa Tempo;Oeste De Minas;Oliveira
Pedra do Indaiá;Oeste De Minas;Formiga
Perdigão;Oeste De Minas;Divinópolis
Perdões;Oeste De Minas;Campo Belo
Pimenta;Oeste De Minas;Formiga
Piracema;Oeste De Minas;Oliveira
Santana do Jacaré;Oeste De Minas;Campo Belo
Santo Antônio do Amparo;Oeste De Minas;Oliveira
Santo Antônio do Monte;Oeste De Minas;Divinópolis
São Francisco de Paula;Oeste De Minas;Oliveira
São Gonçalo do Pará;Oeste De Minas;Divinópolis
São Sebastião do Oeste;Oeste De Minas;Divinópolis
Albertina;Sul/Sudoeste De Minas;Poços de Caldas
Alfenas;Sul/Sudoeste De Minas;Alfenas
Alpinópolis;Sul/Sudoeste De Minas;Passos
Alterosa;Sul/Sudoeste De Minas;Alfenas
Andradas;Sul/Sudoeste De Minas;Poços de Caldas
Arceburgo;Sul/Sudoeste De Minas;São Sebastião do Paraíso
Areado;Sul/Sudoeste De Minas;Alfenas
Bandeira do Sul;Sul/Sudoeste De Minas;Poços de Caldas
Boa Esperança;Sul/Sudoeste De Minas;Varginha
Bom Jesus da Penha;Sul/Sudoeste De Minas;Passos
Botelhos;Sul/Sudoeste De Minas;Poços de Caldas
Cabo Verde;Sul/Sudoeste De Minas;São Sebastião do Paraíso
Caldas;Sul/Sudoeste De Minas;Poços de Caldas
Campanha;Sul/Sudoeste De Minas;Varginha
Campestre;Sul/Sudoeste De Minas;Poços de Caldas
Campo do Meio;Sul/Sudoeste De Minas;Varginha
Campos Gerais;Sul/Sudoeste De Minas;Varginha
Capetinga;Sul/Sudoeste De Minas;Passos
Capitólio;Sul/Sudoeste De Minas;Passos
Carmo da Cachoeira;Sul/Sudoeste De Minas;Varginha
Carmo do Rio Claro;Sul/Sudoeste De Minas;Alfenas
Carvalhópolis;Sul/Sudoeste De Minas;Alfenas
Cássia;Sul/Sudoeste De Minas;Passos
Claraval;Sul/Sudoeste De Minas;Passos
Conceição da Aparecida;Sul/Sudoeste De Minas;Alfenas
Coqueiral;Sul/Sudoeste De Minas;Varginha
Delfinópolis;Sul/Sudoeste De Minas;Passos
Divisa Nova;Sul/Sudoeste De Minas;Alfenas
Elói Mendes;Sul/Sudoeste De Minas;Varginha
Fama;Sul/Sudoeste De Minas;Alfenas
Fortaleza de Minas;Sul/Sudoeste De Minas;Passos
Guapé;Sul/Sudoeste De Minas;Varginha
Guaranésia;Sul/Sudoeste De Minas;São Sebastião do Paraíso
Guaxupé;Sul/Sudoeste De Minas;São Sebastião do Paraíso
Ibiraci;Sul/Sudoeste De Minas;Passos
Ibitiúra de Minas;Sul/Sudoeste De Minas;Poços de Caldas
Ilicínea;Sul/Sudoeste De Minas;Varginha
Inconfidentes;Sul/Sudoeste De Minas;Poços de Caldas
Itamogi;Sul/Sudoeste De Minas;São Sebastião do Paraíso
Itaú de Minas;Sul/Sudoeste De Minas;Passos
Jacuí;Sul/Sudoeste De Minas;São Sebastião do Paraíso
Jacutinga;Sul/Sudoeste De Minas;Poços de Caldas
Juruaia;Sul/Sudoeste De Minas;São Sebastião do Paraíso
Machado;Sul/Sudoeste De Minas;Alfenas
Monsenhor Paulo;Sul/Sudoeste De Minas;Varginha
Monte Belo;Sul/Sudoeste De Minas;São Sebastião do Paraíso
Monte Santo de Minas;Sul/Sudoeste De Minas;São Sebastião do Paraíso
Monte Sião;Sul/Sudoeste De Minas;Poços de Caldas
Muzambinho;Sul/Sudoeste De Minas;São Sebastião do Paraíso
Nova Resende;Sul/Sudoeste De Minas;São Sebastião do Paraíso
Ouro Fino;Sul/Sudoeste De Minas;Poços de Caldas
Paraguaçu;Sul/Sudoeste De Minas;Alfenas
Passos;Sul/Sudoeste De Minas;Passos
Poço Fundo;Sul/Sudoeste De Minas;Alfenas
Poços de Caldas;Sul/Sudoeste De Minas;Poços de Caldas
Pratápolis;Sul/Sudoeste De Minas;Passos
Santa Rita de Caldas;Sul/Sudoeste De Minas;Poços de Caldas
Santana da Vargem;Sul/Sudoeste De Minas;Varginha
São Bento Abade;Sul/Sudoeste De Minas;Varginha
São João Batista do Glória;Sul/Sudoeste De Minas;Passos
São José da Barra;Sul/Sudoeste De Minas;Passos
São Pedro da União;Sul/Sudoeste De Minas;São Sebastião do Paraíso
São Sebastião do Paraíso;Sul/Sudoeste De Minas;São Sebastião do Paraíso
São Thomé das Letras;Sul/Sudoeste De Minas;Varginha
São Tomás de Aquino;Sul/Sudoeste De Minas;São Sebastião do Paraíso
Serrania;Sul/Sudoeste De Minas;Alfenas
Três Corações;Sul/Sudoeste De Minas;Varginha
Três Pontas;Sul/Sudoeste De Minas;Varginha
Varginha;Sul/Sudoeste De Minas;Varginha
Aiuruoca;Sul/Sudoeste De Minas;Andrelândia
Alagoa;Sul/Sudoeste De Minas;São Lourenço
Andrelândia;Sul/Sudoeste De Minas;Andrelândia
Arantina;Sul/Sudoeste De Minas;Andrelândia
Baependi;Sul/Sudoeste De Minas;São Lourenço
Bocaina de Minas;Sul/Sudoeste De Minas;Andrelândia
Bom Jardim de Minas;Sul/Sudoeste De Minas;Andrelândia
Bom Repouso;Sul/Sudoeste De Minas;Pouso Alegre
Borda da Mata;Sul/Sudoeste De Minas;Pouso Alegre
Brazópolis;Sul/Sudoeste De Minas;Itajubá
Bueno Brandão;Sul/Sudoeste De Minas;Pouso Alegre
Cachoeira de Minas;Sul/Sudoeste De Minas;Santa Rita do Sapucaí
Camanducaia;Sul/Sudoeste De Minas;Pouso Alegre
Cambuí;Sul/Sudoeste De Minas;Pouso Alegre
Cambuquira;Sul/Sudoeste De Minas;São Lourenço
Careaçu;Sul/Sudoeste De Minas;Santa Rita do Sapucaí
Carmo de Minas;Sul/Sudoeste De Minas;São Lourenço
Carvalhos;Sul/Sudoeste De Minas;Andrelândia
Caxambu;Sul/Sudoeste De Minas;São Lourenço
Conceição das Pedras;Sul/Sudoeste De Minas;Santa Rita do Sapucaí
Conceição do Rio Verde;Sul/Sudoeste De Minas;São Lourenço
Conceição dos Ouros;Sul/Sudoeste De Minas;Santa Rita do Sapucaí
Congonhal;Sul/Sudoeste De Minas;Pouso Alegre
Consolação;Sul/Sudoeste De Minas;Itajubá
Cordislândia;Sul/Sudoeste De Minas;Santa Rita do Sapucaí
Córrego do Bom Jesus;Sul/Sudoeste De Minas;Pouso Alegre
Cristina;Sul/Sudoeste De Minas;Itajubá
Cruzília;Sul/Sudoeste De Minas;Andrelândia
Delfim Moreira;Sul/Sudoeste De Minas;Itajubá
Dom Viçoso;Sul/Sudoeste De Minas;Itajubá
Espírito Santo do Dourado;Sul/Sudoeste De Minas;Pouso Alegre
Estiva;Sul/Sudoeste De Minas;Pouso Alegre
Extrema;Sul/Sudoeste De Minas;Pouso Alegre
Gonçalves;Sul/Sudoeste De Minas;Pouso Alegre
Heliodora;Sul/Sudoeste De Minas;Santa Rita do Sapucaí
Ipuiúna;Sul/Sudoeste De Minas;Pouso Alegre
Itajubá;Sul/Sudoeste De Minas;Itajubá
Itamonte;Sul/Sudoeste De Minas;São Lourenço
Itanhandu;Sul/Sudoeste De Minas;São Lourenço
Itapeva;Sul/Sudoeste De Minas;Pouso Alegre
Jesuânia;Sul/Sudoeste De Minas;São Lourenço
Lambari;Sul/Sudoeste De Minas;São Lourenço
Liberdade;Sul/Sudoeste De Minas;Andrelândia
Maria da Fé;Sul/Sudoeste De Minas;Itajubá
Marmelópolis;Sul/Sudoeste De Minas;Itajubá
Minduri;Sul/Sudoeste De Minas;Andrelândia
Munhoz;Sul/Sudoeste De Minas;Pouso Alegre
Natércia;Sul/Sudoeste De Minas;Santa Rita do Sapucaí
Olímpio Noronha;Sul/Sudoeste De Minas;São Lourenço
Paraisópolis;Sul/Sudoeste De Minas;Itajubá
Passa Quatro;Sul/Sudoeste De Minas;São Lourenço
Passa Vinte;Sul/Sudoeste De Minas;Andrelândia
Pedralva;Sul/Sudoeste De Minas;Santa Rita do Sapucaí
Piranguçu;Sul/Sudoeste De Minas;Itajubá
Piranguinho;Sul/Sudoeste De Minas;Itajubá
Pouso Alegre;Sul/Sudoeste De Minas;Pouso Alegre
Pouso Alto;Sul/Sudoeste De Minas;São Lourenço
Santa Rita do Sapucaí;Sul/Sudoeste De Minas;Santa Rita do Sapucaí
São Gonçalo do Sapucaí;Sul/Sudoeste De Minas;Santa Rita do Sapucaí
São João da Mata;Sul/Sudoeste De Minas;Santa Rita do Sapucaí
São José do Alegre;Sul/Sudoeste De Minas;Santa Rita do Sapucaí
São Lourenço;Sul/Sudoeste De Minas;São Lourenço
São Sebastião da Bela Vista;Sul/Sudoeste De Minas;Santa Rita do Sapucaí
São Sebastião do Rio Verde;Sul/Sudoeste De Minas;São Lourenço
São Vicente de Minas;Sul/Sudoeste De Minas;Andrelândia
Sapucaí-Mirim;Sul/Sudoeste De Minas;Pouso Alegre
Senador Amaral;Sul/Sudoeste De Minas;Pouso Alegre
Senador José Bento;Sul/Sudoeste De Minas;Pouso Alegre
Seritinga;Sul/Sudoeste De Minas;Andrelândia
Serranos;Sul/Sudoeste De Minas;Andrelândia
Silvianópolis;Sul/Sudoeste De Minas;Santa Rita do Sapucaí
Soledade de Minas;Sul/Sudoeste De Minas;São Lourenço
Tocos do Moji;Sul/Sudoeste De Minas;Pouso Alegre
Toledo;Sul/Sudoeste De Minas;Pouso Alegre
Turvolândia;Sul/Sudoeste De Minas;Santa Rita do Sapucaí
Virgínia;Sul/Sudoeste De Minas;Itajubá
Wenceslau Braz;Sul/Sudoeste De Minas;Itajubá
Abadia dos Dourados;Triângulo Mineiro/Alto Paranaíba;Patrocínio
Água Comprida;Triângulo Mineiro/Alto Paranaíba;Uberaba
Araguari;Triângulo Mineiro/Alto Paranaíba;Uberlândia
Araporã;Triângulo Mineiro/Alto Paranaíba;Uberlândia
Arapuá;Triângulo Mineiro/Alto Paranaíba;Patos de Minas
Araxá;Triângulo Mineiro/Alto Paranaíba;Araxá
Cachoeira Dourada;Triângulo Mineiro/Alto Paranaíba;Ituiutaba
Campina Verde;Triângulo Mineiro/Alto Paranaíba;Frutal
Campo Florido;Triângulo Mineiro/Alto Paranaíba;Uberaba
Campos Altos;Triângulo Mineiro/Alto Paranaíba;Araxá
Canápolis;Triângulo Mineiro/Alto Paranaíba;Uberlândia
Capinópolis;Triângulo Mineiro/Alto Paranaíba;Ituiutaba
Carmo do Paranaíba;Triângulo Mineiro/Alto Paranaíba;Patos de Minas
Carneirinho;Triângulo Mineiro/Alto Paranaíba;Frutal
Cascalho Rico;Triângulo Mineiro/Alto Paranaíba;Uberlândia
Centralina;Triângulo Mineiro/Alto Paranaíba;Uberlândia
Comendador Gomes;Triângulo Mineiro/Alto Paranaíba;Frutal
Conceição das Alagoas;Triângulo Mineiro/Alto Paranaíba;Uberaba
Conquista;Triângulo Mineiro/Alto Paranaíba;Uberaba
Coromandel;Triângulo Mineiro/Alto Paranaíba;Patrocínio
Cruzeiro da Fortaleza;Triângulo Mineiro/Alto Paranaíba;Patrocínio
Delta;Triângulo Mineiro/Alto Paranaíba;Uberaba
Douradoquara;Triângulo Mineiro/Alto Paranaíba;Patrocínio
Estrela do Sul;Triângulo Mineiro/Alto Paranaíba;Patrocínio
Fronteira;Triângulo Mineiro/Alto Paranaíba;Frutal
Frutal;Triângulo Mineiro/Alto Paranaíba;Frutal
Grupiara;Triângulo Mineiro/Alto Paranaíba;Patrocínio
Guimarânia;Triângulo Mineiro/Alto Paranaíba;Patos de Minas
Gurinhatã;Triângulo Mineiro/Alto Paranaíba;Ituiutaba
Ibiá;Triângulo Mineiro/Alto Paranaíba;Araxá
Indianópolis;Triângulo Mineiro/Alto Paranaíba;Uberlândia
Ipiaçu;Triângulo Mineiro/Alto Paranaíba;Ituiutaba
Iraí de Minas;Triângulo Mineiro/Alto Paranaíba;Patrocínio
Itapagipe;Triângulo Mineiro/Alto Paranaíba;Frutal
Ituiutaba;Triângulo Mineiro/Alto Paranaíba;Ituiutaba
Iturama;Triângulo Mineiro/Alto Paranaíba;Frutal
Lagoa Formosa;Triângulo Mineiro/Alto Paranaíba;Patos de Minas
Limeira do Oeste;Triângulo Mineiro/Alto Paranaíba;Frutal
Matutina;Triângulo Mineiro/Alto Paranaíba;Patos de Minas
Monte Alegre de Minas;Triângulo Mineiro/Alto Paranaíba;Uberlândia
Monte Carmelo;Triângulo Mineiro/Alto Paranaíba;Patrocínio
Nova Ponte;Triângulo Mineiro/Alto Paranaíba;Araxá
Patos de Minas;Triângulo Mineiro/Alto Paranaíba;Patos de Minas
Patrocínio;Triângulo Mineiro/Alto Paranaíba;Patrocínio
Pedrinópolis;Triângulo Mineiro/Alto Paranaíba;Araxá
Perdizes;Triângulo Mineiro/Alto Paranaíba;Araxá
Pirajuba;Triângulo Mineiro/Alto Paranaíba;Frutal
Planura;Triângulo Mineiro/Alto Paranaíba;Frutal
Prata;Triângulo Mineiro/Alto Paranaíba;Uberlândia
Pratinha;Triângulo Mineiro/Alto Paranaíba;Araxá
Rio Paranaíba;Triângulo Mineiro/Alto Paranaíba;Patos de Minas
Romaria;Triângulo Mineiro/Alto Paranaíba;Patrocínio
Sacramento;Triângulo Mineiro/Alto Paranaíba;Araxá
Santa Juliana;Triângulo Mineiro/Alto Paranaíba;Araxá
Santa Rosa da Serra;Triângulo Mineiro/Alto Paranaíba;Patos de Minas
Santa Vitória;Triângulo Mineiro/Alto Paranaíba;Ituiutaba
São Francisco de Sales;Triângulo Mineiro/Alto Paranaíba;Frutal
São Gotardo;Triângulo Mineiro/Alto Paranaíba;Patos de Minas
Serra do Salitre;Triângulo Mineiro/Alto Paranaíba;Patrocínio
Tapira;Triângulo Mineiro/Alto Paranaíba;Araxá
Tiros;Triângulo Mineiro/Alto Paranaíba;Patos de Minas
Tupaciguara;Triângulo Mineiro/Alto Paranaíba;Uberlândia
Uberaba;Triângulo Mineiro/Alto Paranaíba;Uberaba
Uberlândia;Triângulo Mineiro/Alto Paranaíba;Uberlândia
União de Minas;Triângulo Mineiro/Alto Paranaíba;Frutal
Veríssimo;Triângulo Mineiro/Alto Paranaíba;Uberaba
Águas Formosas;Vale Do Mucuri;Nanuque
Ataléia;Vale Do Mucuri;Teófilo Otoni
Bertópolis;Vale Do Mucuri;Nanuque
Carlos Chagas;Vale Do Mucuri;Nanuque
Catuji;Vale Do Mucuri;Teófilo Otoni
Crisólita;Vale Do Mucuri;Nanuque
Franciscópolis;Vale Do Mucuri;Teófilo Otoni
Frei Gaspar;Vale Do Mucuri;Teófilo Otoni
Fronteira dos Vales;Vale Do Mucuri;Nanuque
Itaipé;Vale Do Mucuri;Teófilo Otoni
Ladainha;Vale Do Mucuri;Teófilo Otoni
Machacalis;Vale Do Mucuri;Nanuque
Malacacheta;Vale Do Mucuri;Teófilo Otoni
Nanuque;Vale Do Mucuri;Nanuque
Novo Oriente de Minas;Vale Do Mucuri;Teófilo Otoni
Ouro Verde de Minas;Vale Do Mucuri;Teófilo Otoni
Pavão;Vale Do Mucuri;Teófilo Otoni
Poté;Vale Do Mucuri;Teófilo Otoni
Santa Helena de Minas;Vale Do Mucuri;Nanuque
Serra dos Aimorés;Vale Do Mucuri;Nanuque
Setubinha;Vale Do Mucuri;Teófilo Otoni
Teófilo Otoni;Vale Do Mucuri;Teófilo Otoni
Umburatiba;Vale Do Mucuri;Nanuque
Açucena;Vale Do Rio Doce;Ipatinga
Água Boa;Vale Do Rio Doce;Peçanha
Aimorés;Vale Do Rio Doce;Aimorés
Alpercata;Vale Do Rio Doce;Governador Valadares
Alvarenga;Vale Do Rio Doce;Aimorés
Antônio Dias;Vale Do Rio Doce;Ipatinga
Belo Oriente;Vale Do Rio Doce;Ipatinga
Bom Jesus do Galho;Vale Do Rio Doce;Caratinga
Braúnas;Vale Do Rio Doce;Guanhães
Bugre;Vale Do Rio Doce;Caratinga
Campanário;Vale Do Rio Doce;Governador Valadares
Cantagalo;Vale Do Rio Doce;Peçanha
Capitão Andrade;Vale Do Rio Doce;Governador Valadares
Caratinga;Vale Do Rio Doce;Caratinga
Carmésia;Vale Do Rio Doce;Guanhães
Central de Minas;Vale Do Rio Doce;Mantena
Coluna;Vale Do Rio Doce;Guanhães
Conceição de Ipanema;Vale Do Rio Doce;Aimorés
Conselheiro Pena;Vale Do Rio Doce;Aimorés
Coroaci;Vale Do Rio Doce;Governador Valadares
Coronel Fabriciano;Vale Do Rio Doce;Ipatinga
Córrego Novo;Vale Do Rio Doce;Caratinga
Cuparaque;Vale Do Rio Doce;Aimorés
Divino das Laranjeiras;Vale Do Rio Doce;Governador Valadares
Divinolândia de Minas;Vale Do Rio Doce;Guanhães
Dom Cavati;Vale Do Rio Doce;Caratinga
Dores de Guanhães;Vale Do Rio Doce;Guanhães
Engenheiro Caldas;Vale Do Rio Doce;Governador Valadares
Entre Folhas;Vale Do Rio Doce;Caratinga
Fernandes Tourinho;Vale Do Rio Doce;Governador Valadares
Frei Inocêncio;Vale Do Rio Doce;Governador Valadares
Frei Lagonegro;Vale Do Rio Doce;Peçanha
Galiléia;Vale Do Rio Doce;Governador Valadares
Goiabeira;Vale Do Rio Doce;Aimorés
Gonzaga;Vale Do Rio Doce;Guanhães
Governador Valadares;Vale Do Rio Doce;Governador Valadares
Guanhães;Vale Do Rio Doce;Guanhães
Iapu;Vale Do Rio Doce;Caratinga
Imbé de Minas;Vale Do Rio Doce;Caratinga
Inhapim;Vale Do Rio Doce;Caratinga
Ipaba;Vale Do Rio Doce;Caratinga
Ipanema;Vale Do Rio Doce;Aimorés
Ipatinga;Vale Do Rio Doce;Ipatinga
Itabirinha;Vale Do Rio Doce;Mantena
Itambacuri;Vale Do Rio Doce;Governador Valadares
Itanhomi;Vale Do Rio Doce;Governador Valadares
Itueta;Vale Do Rio Doce;Aimorés
Jaguaraçu;Vale Do Rio Doce;Ipatinga
Jampruca;Vale Do Rio Doce;Governador Valadares
Joanésia;Vale Do Rio Doce;Ipatinga
José Raydan;Vale Do Rio Doce;Peçanha
Mantena;Vale Do Rio Doce;Mantena
Marilac;Vale Do Rio Doce;Governador Valadares
Marliéria;Vale Do Rio Doce;Ipatinga
Materlândia;Vale Do Rio Doce;Guanhães
Mathias Lobato;Vale Do Rio Doce;Governador Valadares
Mendes Pimentel;Vale Do Rio Doce;Mantena
Mesquita;Vale Do Rio Doce;Ipatinga
Mutum;Vale Do Rio Doce;Aimorés
Nacip Raydan;Vale Do Rio Doce;Governador Valadares
Naque;Vale Do Rio Doce;Ipatinga
Nova Belém;Vale Do Rio Doce;Mantena
Nova Módica;Vale Do Rio Doce;Governador Valadares
Paulistas;Vale Do Rio Doce;Guanhães
Peçanha;Vale Do Rio Doce;Peçanha
Periquito;Vale Do Rio Doce;Ipatinga
Pescador;Vale Do Rio Doce;Governador Valadares
Piedade de Caratinga;Vale Do Rio Doce;Caratinga
Pingo d'Água;Vale Do Rio Doce;Caratinga
Pocrane;Vale Do Rio Doce;Aimorés
Resplendor;Vale Do Rio Doce;Aimorés
Sabinópolis;Vale Do Rio Doce;Guanhães
Santa Efigênia de Minas;Vale Do Rio Doce;Guanhães
Santa Maria do Suaçuí;Vale Do Rio Doce;Peçanha
Santa Rita de Minas;Vale Do Rio Doce;Caratinga
Santa Rita do Itueto;Vale Do Rio Doce;Aimorés
Santana do Paraíso;Vale Do Rio Doce;Ipatinga
São Domingos das Dores;Vale Do Rio Doce;Caratinga
São Félix de Minas;Vale Do Rio Doce;Mantena
São Geraldo da Piedade;Vale Do Rio Doce;Governador Valadares
São Geraldo do Baixio;Vale Do Rio Doce;Governador Valadares
São João do Manteninha;Vale Do Rio Doce;Mantena
São João do Oriente;Vale Do Rio Doce;Caratinga
São João Evangelista;Vale Do Rio Doce;Guanhães
São José da Safira;Vale Do Rio Doce;Governador Valadares
São José do Divino;Vale Do Rio Doce;Governador Valadares
São José do Jacuri;Vale Do Rio Doce;Peçanha
São Pedro do Suaçuí;Vale Do Rio Doce;Peçanha
São Sebastião do Anta;Vale Do Rio Doce;Caratinga
São Sebastião do Maranhão;Vale Do Rio Doce;Peçanha
Sardoá;Vale Do Rio Doce;Guanhães
Senhora do Porto;Vale Do Rio Doce;Guanhães
Sobrália;Vale Do Rio Doce;Governador Valadares
Taparuba;Vale Do Rio Doce;Aimorés
Tarumirim;Vale Do Rio Doce;Caratinga
Timóteo;Vale Do Rio Doce;Ipatinga
Tumiritinga;Vale Do Rio Doce;Governador Valadares
Ubaporanga;Vale Do Rio Doce;Caratinga
Vargem Alegre;Vale Do Rio Doce;Caratinga
Virginópolis;Vale Do Rio Doce;Guanhães
Virgolândia;Vale Do Rio Doce;Governador Valadares
Abre Campo;Zona Da Mata;Manhuaçu
Acaiaca;Zona Da Mata;Ponte Nova
Alto Caparaó;Zona Da Mata;Manhuaçu
Alto Jequitibá;Zona Da Mata;Manhuaçu
Alto Rio Doce;Zona Da Mata;Viçosa
Amparo do Serra;Zona Da Mata;Viçosa
Antônio Prado de Minas;Zona Da Mata;Muriaé
Aracitaba;Zona Da Mata;Juiz de Fora
Araponga;Zona Da Mata;Viçosa
Astolfo Dutra;Zona Da Mata;Ubá
Barão de Monte Alto;Zona Da Mata;Muriaé
Barra Longa;Zona Da Mata;Ponte Nova
Belmiro Braga;Zona Da Mata;Juiz de Fora
Bias Fortes;Zona Da Mata;Juiz de Fora
Bicas;Zona Da Mata;Juiz de Fora
Brás Pires;Zona Da Mata;Viçosa
Caiana;Zona Da Mata;Muriaé
Cajuri;Zona Da Mata;Viçosa
Canaã;Zona Da Mata;Viçosa
Caparaó;Zona Da Mata;Manhuaçu
Caputira;Zona Da Mata;Manhuaçu
Carangola;Zona Da Mata;Muriaé
Chácara;Zona Da Mata;Juiz de Fora
Chalé;Zona Da Mata;Manhuaçu
Chiador;Zona Da Mata;Juiz de Fora
Cipotânea;Zona Da Mata;Viçosa
Coimbra;Zona Da Mata;Viçosa
Coronel Pacheco;Zona Da Mata;Juiz de Fora
Descoberto;Zona Da Mata;Juiz de Fora
Divinésia;Zona Da Mata;Ubá
Divino;Zona Da Mata;Muriaé
Dom Silvério;Zona Da Mata;Ponte Nova
Dores do Turvo;Zona Da Mata;Ubá
Durandé;Zona Da Mata;Manhuaçu
Ervália;Zona Da Mata;Viçosa
Espera Feliz;Zona Da Mata;Muriaé
Eugenópolis;Zona Da Mata;Muriaé
Ewbank da Câmara;Zona Da Mata;Juiz de Fora
Faria Lemos;Zona Da Mata;Muriaé
Fervedouro;Zona Da Mata;Muriaé
Goianá;Zona Da Mata;Juiz de Fora
Guaraciaba;Zona Da Mata;Ponte Nova
Guarani;Zona Da Mata;Ubá
Guarará;Zona Da Mata;Juiz de Fora
Guidoval;Zona Da Mata;Ubá
Guiricema;Zona Da Mata;Ubá
Jequeri;Zona Da Mata;Ponte Nova
Juiz de Fora;Zona Da Mata;Juiz de Fora
Lajinha;Zona Da Mata;Manhuaçu
Lamim;Zona Da Mata;Viçosa
Lima Duarte;Zona Da Mata;Juiz de Fora
Luisburgo;Zona Da Mata;Manhuaçu
Manhuaçu;Zona Da Mata;Manhuaçu
Manhumirim;Zona Da Mata;Manhuaçu
Mar de Espanha;Zona Da Mata;Juiz de Fora
Maripá de Minas;Zona Da Mata;Juiz de Fora
Martins Soares;Zona Da Mata;Manhuaçu
Matias Barbosa;Zona Da Mata;Juiz de Fora
Matipó;Zona Da Mata;Manhuaçu
Mercês;Zona Da Mata;Ubá
Miradouro;Zona Da Mata;Muriaé
Miraí;Zona Da Mata;Muriaé
Muriaé;Zona Da Mata;Muriaé
Olaria;Zona Da Mata;Juiz de Fora
Oliveira Fortes;Zona Da Mata;Juiz de Fora
Oratórios;Zona Da Mata;Ponte Nova
Orizânia;Zona Da Mata;Muriaé
Paiva;Zona Da Mata;Juiz de Fora
Patrocínio do Muriaé;Zona Da Mata;Muriaé
Paula Cândido;Zona Da Mata;Viçosa
Pedra Bonita;Zona Da Mata;Manhuaçu
Pedra do Anta;Zona Da Mata;Viçosa
Pedra Dourada;Zona Da Mata;Muriaé
Pedro Teixeira;Zona Da Mata;Juiz de Fora
Piau;Zona Da Mata;Juiz de Fora
Piedade de Ponte Nova;Zona Da Mata;Ponte Nova
Piranga;Zona Da Mata;Viçosa
Piraúba;Zona Da Mata;Ubá
Ponte Nova;Zona Da Mata;Ponte Nova
Porto Firme;Zona Da Mata;Viçosa
Presidente Bernardes;Zona Da Mata;Viçosa
Raul Soares;Zona Da Mata;Ponte Nova
Reduto;Zona Da Mata;Manhuaçu
Rio Casca;Zona Da Mata;Ponte Nova
Rio Doce;Zona Da Mata;Ponte Nova
Rio Espera;Zona Da Mata;Viçosa
Rio Novo;Zona Da Mata;Juiz de Fora
Rio Pomba;Zona Da Mata;Ubá
Rio Preto;Zona Da Mata;Juiz de Fora
Rochedo de Minas;Zona Da Mata;Juiz de Fora
Rodeiro;Zona Da Mata;Ubá
Rosário da Limeira;Zona Da Mata;Muriaé
Santa Bárbara do Leste;Vale Do Rio Doce;Caratinga
Santa Bárbara do Monte Verde;Zona Da Mata;Juiz de Fora
Santa Cruz do Escalvado;Zona Da Mata;Ponte Nova
Santa Margarida;Zona Da Mata;Manhuaçu
Santa Rita de Ibitipoca;Zona Da Mata;Juiz de Fora
Santa Rita de Jacutinga;Zona Da Mata;Juiz de Fora
Santana do Deserto;Zona Da Mata;Juiz de Fora
Santana do Manhuaçu;Zona Da Mata;Manhuaçu
Santo Antônio do Grama;Zona Da Mata;Ponte Nova
Santos Dumont;Zona Da Mata;Juiz de Fora
São Francisco do Glória;Zona Da Mata;Muriaé
São Geraldo;Zona Da Mata;Ubá
São João do Manhuaçu;Zona Da Mata;Manhuaçu
São João Nepomuceno;Zona Da Mata;Juiz de Fora
São José do Mantimento;Zona Da Mata;Manhuaçu
São Miguel do Anta;Zona Da Mata;Viçosa
São Pedro dos Ferros;Zona Da Mata;Ponte Nova
São Sebastião da Vargem Alegre;Zona Da Mata;Muriaé
Sem-Peixe;Zona Da Mata;Ponte Nova
Senador Cortes;Zona Da Mata;Juiz de Fora
Senador Firmino;Zona Da Mata;Ubá
Senhora de Oliveira;Zona Da Mata;Viçosa
Sericita;Zona Da Mata;Ponte Nova
Silveirânia;Zona Da Mata;Ubá
Simão Pereira;Zona Da Mata;Juiz de Fora
Simonésia;Zona Da Mata;Manhuaçu
Tabuleiro;Zona Da Mata;Ubá
Teixeiras;Zona Da Mata;Viçosa
Tocantins;Zona Da Mata;Ubá
Tombos;Zona Da Mata;Muriaé
Ubá;Zona Da Mata;Ubá
Urucânia;Zona Da Mata;Ponte Nova
Vermelho Novo;Zona Da Mata;Ponte Nova
Viçosa;Zona Da Mata;Viçosa
Vieiras;Zona Da Mata;Muriaé
Visconde do Rio Branco;Zona Da Mata;Ubá
Além Paraíba;Zona Da Mata;Cataguases
Argirita;Zona Da Mata;Cataguases
Cataguases;Zona Da Mata;Cataguases
Dona Euzébia;Zona Da Mata;Cataguases
Estrela Dalva;Zona Da Mata;Cataguases
Itamarati de Minas;Zona Da Mata;Cataguases
Laranjal;Zona Da Mata;Cataguases
Leopoldina;Zona Da Mata;Cataguases
Palma;Zona Da Mata;Cataguases
Pequeri;Zona Da Mata;Juiz de Fora
Pirapetinga;Zona Da Mata;Cataguases
Recreio;Zona Da Mata;Cataguases
Santana de Cataguases;Zona Da Mata;Cataguases
Santo Antônio do Aventureiro;Zona Da Mata;Cataguases
Volta Grande;Zona Da Mata;Cataguases
